RTB,CCI
1,CCI-001545
1,CCI-001546
1,CCI-000001
1,CCI-000004
1,CCI-000002
1,CCI-000003
1,CCI-000005
1,CCI-000006
2,CCI-001547
2,CCI-000007
2,CCI-000008
2,CCI-000009
2,CCI-000010
2,CCI-000011
2,CCI-000012
2,CCI-000013
2,CCI-000014
3,CCI-000015
4,CCI-000016
5,CCI-000017
6,CCI-000018
7,CCI-000019
8,CCI-000020
2,CCI-000237
7,CCI-000208
4,CCI-001361
4,CCI-001365
5,CCI-000217
6,CCI-001403
6,CCI-001404
6,CCI-001405
7,CCI-001406
9,CCI-001407
2,CCI-001354
2,CCI-001355
7,CCI-001356
7,CCI-001357
9,CCI-001358
9,CCI-001359
9,CCI-001360
4,CCI-001682
6,CCI-001683
6,CCI-001684
6,CCI-001685
6,CCI-001686
25,CCI-001548
25,CCI-001549
25,CCI-001550
25,CCI-001551
28,CCI-001552
35,CCI-001553
36,CCI-001554
41,CCI-001555
41,CCI-001556
41,CCI-001557
26,CCI-000025
27,CCI-000026
28,CCI-000027
29,CCI-000028
30,CCI-000029
31,CCI-000030
32,CCI-000031
33,CCI-000032
34,CCI-000033
35,CCI-000034
36,CCI-000035
37,CCI-000218
38,CCI-000219
25,CCI-000221
41,CCI-000223
41,CCI-000224
25,CCI-001414
30,CCI-001415
32,CCI-001416
33,CCI-001417
34,CCI-001418
25,CCI-001368
39,CCI-001371
39,CCI-001372
40,CCI-001373
40,CCI-001374
41,CCI-001376
41,CCI-001377
49,CCI-001558
49,CCI-000038
50,CCI-000039
50,CCI-000040
51,CCI-000041
51,CCI-000042
48,CCI-000225
52,CCI-000226
50,CCI-001419
51,CCI-001420
53,CCI-001421
54,CCI-001422
75,CCI-001559
77,CCI-001560
74,CCI-001424
75,CCI-001425
76,CCI-001426
77,CCI-001427
78,CCI-001428
78,CCI-001429
78,CCI-001430
73,CCI-001396
73,CCI-001397
73,CCI-001398
73,CCI-001399
73,CCI-001400
73,CCI-001401
87,CCI-001561
745,CCI-001562
84,CCI-000063
84,CCI-000064
84,CCI-000065
84,CCI-000066
85,CCI-000067
86,CCI-000068
87,CCI-000069
88,CCI-000070
745,CCI-000071
89,CCI-000072
24,CCI-000079
745,CCI-001431
745,CCI-001432
24,CCI-001433
24,CCI-001434
230,CCI-001435
230,CCI-001436
88,CCI-001437
86,CCI-001453
24,CCI-001454
230,CCI-001455
84,CCI-001402
745,CCI-001563
91,CCI-001438
91,CCI-001439
91,CCI-001440
91,CCI-001441
91,CCI-001442
92,CCI-001443
92,CCI-001444
745,CCI-001445
745,CCI-001446
745,CCI-001447
745,CCI-001448
93,CCI-001449
94,CCI-001450
95,CCI-001451
113,CCI-001564
113,CCI-001565
113,CCI-000100
113,CCI-000101
113,CCI-000102
113,CCI-000103
113,CCI-000104
113,CCI-000105
119,CCI-001566
119,CCI-001567
119,CCI-001568
117,CCI-000108
117,CCI-000109
117,CCI-000110
117,CCI-000111
118,CCI-001481
118,CCI-001482
118,CCI-001483
123,CCI-001569
123,CCI-001570
123,CCI-000117
123,CCI-000118
123,CCI-000119
123,CCI-000120
123,CCI-000121
123,CCI-000122
124,CCI-001571
124,CCI-000123
124,CCI-000124
124,CCI-000125
124,CCI-000126
125,CCI-000127
57,CCI-000128
124,CCI-000129
124,CCI-001484
124,CCI-001485
125,CCI-001486
131,CCI-001572
134,CCI-001573
134,CCI-001574
131,CCI-000139
131,CCI-000140
132,CCI-000143
133,CCI-000144
134,CCI-000145
132,CCI-000146
133,CCI-000147
135,CCI-001343
131,CCI-001490
154,CCI-001575
152,CCI-000162
152,CCI-000163
152,CCI-000164
153,CCI-000165
154,CCI-001348
154,CCI-001349
155,CCI-001350
156,CCI-001351
156,CCI-001352
152,CCI-001493
152,CCI-001494
152,CCI-001495
155,CCI-001496
167,CCI-001576
167,CCI-001577
166,CCI-000169
166,CCI-000171
166,CCI-000172
167,CCI-000173
167,CCI-000174
166,CCI-001459
168,CCI-001353
181,CCI-001578
181,CCI-000238
181,CCI-000239
181,CCI-000240
181,CCI-000241
181,CCI-000242
181,CCI-000243
181,CCI-000244
184,CCI-001579
182,CCI-000245
182,CCI-000246
182,CCI-000247
182,CCI-000248
182,CCI-000249
182,CCI-000250
182,CCI-000251
182,CCI-000252
182,CCI-000253
182,CCI-000254
183,CCI-000255
184,CCI-000256
186,CCI-001580
186,CCI-000257
186,CCI-000258
186,CCI-000259
186,CCI-000260
186,CCI-000261
187,CCI-000262
188,CCI-000263
195,CCI-001581
184,CCI-001582
184,CCI-001583
195,CCI-000274
195,CCI-000275
195,CCI-000276
195,CCI-000277
195,CCI-000278
195,CCI-000279
195,CCI-000280
195,CCI-000281
196,CCI-000282
182,CCI-000283
182,CCI-000284
182,CCI-000285
184,CCI-001681
203,CCI-001584
203,CCI-000286
203,CCI-000287
203,CCI-000288
203,CCI-000289
203,CCI-000290
203,CCI-000291
203,CCI-000292
205,CCI-001585
204,CCI-000293
204,CCI-000294
204,CCI-000295
205,CCI-000296
205,CCI-000297
205,CCI-000298
205,CCI-000299
206,CCI-000300
206,CCI-000301
206,CCI-000302
206,CCI-000303
207,CCI-000304
230,CCI-000307
230,CCI-000310
208,CCI-000311
208,CCI-000312
205,CCI-001497
210,CCI-001586
214,CCI-001586
210,CCI-000313
210,CCI-000314
210,CCI-000315
210,CCI-000316
210,CCI-000317
210,CCI-000318
210,CCI-000319
210,CCI-000320
210,CCI-000321
211,CCI-000322
211,CCI-000323
211,CCI-000324
211,CCI-000325
211,CCI-000326
212,CCI-000327
212,CCI-000328
212,CCI-000329
213,CCI-000330
213,CCI-000331
214,CCI-000332
211,CCI-001498
218,CCI-001587
217,CCI-000333
218,CCI-000334
219,CCI-000335
219,CCI-000336
219,CCI-000337
227,CCI-001588
773,CCI-001589
227,CCI-000363,A description for this tag
227,CCI-000364
227,CCI-000365
227,CCI-000366
227,CCI-000367
227,CCI-000368
227,CCI-000369
228,CCI-000370
228,CCI-000371
228,CCI-000372
229,CCI-000373
229,CCI-000374
773,CCI-000375
773,CCI-000376
773,CCI-000377
773,CCI-000378
217,CCI-000379
227,CCI-001502
227,CCI-001503
232,CCI-001590
232,CCI-001591
232,CCI-001592
232,CCI-001593
232,CCI-001594
232,CCI-001595
230,CCI-000380
230,CCI-000381
230,CCI-000382
231,CCI-000383
231,CCI-000384
231,CCI-000385
232,CCI-000386
233,CCI-000387
233,CCI-000388
253,CCI-001596
253,CCI-001597
253,CCI-001598
253,CCI-000437
253,CCI-000438
253,CCI-000439
253,CCI-000440
253,CCI-000441
259,CCI-001599
259,CCI-001600
260,CCI-001601
260,CCI-001602
254,CCI-000443
254,CCI-000444
254,CCI-000445
254,CCI-000446
254,CCI-000447
254,CCI-000448
254,CCI-000449
254,CCI-000450
254,CCI-000451
254,CCI-000452
254,CCI-000453
254,CCI-000454
254,CCI-000455
254,CCI-000456
254,CCI-000457
254,CCI-000458
254,CCI-000459
254,CCI-000460
254,CCI-000461
254,CCI-000462
254,CCI-000463
254,CCI-000464
254,CCI-000465
254,CCI-000466
254,CCI-000468
255,CCI-000469
256,CCI-000470
256,CCI-000471
256,CCI-000472
257,CCI-000473
257,CCI-000474
257,CCI-000475
257,CCI-000476
258,CCI-000477
258,CCI-000478
258,CCI-000479
258,CCI-000480
259,CCI-000481
259,CCI-000482
260,CCI-000483
260,CCI-000484
272,CCI-001603
274,CCI-001604
271,CCI-000505
271,CCI-000506
272,CCI-000507
273,CCI-000508
274,CCI-000509
276,CCI-001605
277,CCI-001606
275,CCI-000510
275,CCI-000511
275,CCI-000512
275,CCI-000513
275,CCI-000514
275,CCI-000515
276,CCI-000516
277,CCI-000517
278,CCI-000518
279,CCI-000519
279,CCI-000520
275,CCI-000521
283,CCI-001607
284,CCI-001608
281,CCI-000522
281,CCI-000523
281,CCI-000524
281,CCI-000525
282,CCI-000526
282,CCI-000527
282,CCI-000528
282,CCI-000529
283,CCI-000530
284,CCI-000531
285,CCI-000532
285,CCI-000533
292,CCI-001609
287,CCI-000534
287,CCI-000535
287,CCI-000536
287,CCI-000537
287,CCI-000538
287,CCI-000539
287,CCI-000540
288,CCI-000541
288,CCI-000542
289,CCI-000543
290,CCI-000544
290,CCI-000545
290,CCI-000546
291,CCI-000547
291,CCI-000548
292,CCI-000549
328,CCI-001610
329,CCI-001611
329,CCI-001612
329,CCI-001613
329,CCI-001614
329,CCI-001615
329,CCI-001616
329,CCI-001617
329,CCI-001618
329,CCI-001619
331,CCI-001620
336,CCI-001621
328,CCI-000175
328,CCI-000176
328,CCI-000177
328,CCI-000178
328,CCI-000179
328,CCI-000180
328,CCI-000181
328,CCI-000182
328,CCI-000183
328,CCI-000184
330,CCI-000185
330,CCI-000186
330,CCI-000187
331,CCI-000188
332,CCI-000189
333,CCI-000190
329,CCI-000191
334,CCI-000201
335,CCI-000202
336,CCI-000204
329,CCI-000192
329,CCI-000193
329,CCI-000194
329,CCI-000195
329,CCI-000196
329,CCI-000197
329,CCI-000198
329,CCI-000199
329,CCI-000200
335,CCI-000203
329,CCI-000205
328,CCI-001544
358,CCI-001622
358,CCI-001623
358,CCI-000813
358,CCI-000814
358,CCI-000815
359,CCI-000816
360,CCI-000817
361,CCI-001624
361,CCI-000818
361,CCI-000819
361,CCI-000820
362,CCI-000821
364,CCI-001625
364,CCI-000822
364,CCI-000823
364,CCI-000824
365,CCI-000825
366,CCI-000826
367,CCI-000827
367,CCI-000828
368,CCI-000829
369,CCI-000830
369,CCI-000831
376,CCI-001626
376,CCI-001627
375,CCI-000832
376,CCI-000833
391,CCI-001628
391,CCI-000854
391,CCI-000855
391,CCI-000856
391,CCI-000857
391,CCI-000851
391,CCI-000852
391,CCI-000853
393,CCI-001629
392,CCI-000858
392,CCI-000859
392,CCI-000860
392,CCI-000861
392,CCI-000862
392,CCI-000863
393,CCI-000864
400,CCI-001630
402,CCI-001631
403,CCI-001632
399,CCI-000873
399,CCI-000874
399,CCI-000875
399,CCI-000876
399,CCI-000877
399,CCI-000878
399,CCI-000879
400,CCI-000880
401,CCI-000881
402,CCI-000882
402,CCI-000883
403,CCI-000884
404,CCI-000885
404,CCI-000886
404,CCI-000887
405,CCI-000888
406,CCI-000889
419,CCI-001633
419,CCI-001010
419,CCI-001011
419,CCI-001012
419,CCI-001013
443,CCI-001634
440,CCI-001635
440,CCI-000912
440,CCI-000913
440,CCI-000914
440,CCI-000915
441,CCI-000916
442,CCI-000917
443,CCI-000918
489,CCI-001636
489,CCI-001637
489,CCI-001638
489,CCI-000563
489,CCI-000564
489,CCI-000565
489,CCI-000566
489,CCI-000567
489,CCI-000568
492,CCI-001639
492,CCI-000592
492,CCI-000593
493,CCI-000594
493,CCI-000595
493,CCI-000596
818,CCI-001640
818,CCI-000216
517,CCI-001641
517,CCI-001643
520,CCI-001644
522,CCI-001645
517,CCI-001054
517,CCI-001055
517,CCI-001056
517,CCI-001057
517,CCI-001058
517,CCI-001059
517,CCI-001060
517,CCI-001061
518,CCI-001062
519,CCI-001063
519,CCI-001064
520,CCI-001065
521,CCI-001066
522,CCI-001067
523,CCI-001068
236,CCI-001069
236,CCI-001070
524,CCI-001071
198,CCI-001072
198,CCI-001073
516,CCI-001642
516,CCI-001048
516,CCI-001049
516,CCI-001050
516,CCI-001051
516,CCI-001052
516,CCI-001053
528,CCI-000608
528,CCI-000609
528,CCI-000610
528,CCI-000611
528,CCI-000612
528,CCI-000613
528,CCI-000614
536,CCI-001647
530,CCI-000619
530,CCI-000620
530,CCI-000621
531,CCI-000623
532,CCI-000624
532,CCI-000625
533,CCI-000626
533,CCI-000627
533,CCI-000628
245,CCI-000629
534,CCI-000630
535,CCI-000631
535,CCI-000632
535,CCI-000633
536,CCI-000634
536,CCI-000635
532,CCI-001648
540,CCI-000636
540,CCI-000637
540,CCI-000638
540,CCI-000639
540,CCI-000640
540,CCI-000641
540,CCI-000642
531,CCI-000643
531,CCI-000644
532,CCI-000645
532,CCI-000646
532,CCI-000647
532,CCI-000648
532,CCI-000650
532,CCI-000651
532,CCI-000653
532,CCI-000654
531,CCI-001690
531,CCI-001691
532,CCI-001692
250,CCI-001649
773,CCI-001649
250,CCI-000663
773,CCI-000663
548,CCI-001650
548,CCI-001651
548,CCI-001652
548,CCI-001653
548,CCI-001654
548,CCI-001655
548,CCI-000682
548,CCI-000683
548,CCI-000684
548,CCI-000685
548,CCI-000686
548,CCI-000687
548,CCI-000688
548,CCI-000689
548,CCI-000690
548,CCI-000691
548,CCI-000692
548,CCI-000693
548,CCI-000694
548,CCI-000695
548,CCI-000696
548,CCI-000697
549,CCI-000698
549,CCI-000699
550,CCI-000700
550,CCI-000701
616,CCI-001656
616,CCI-001084
617,CCI-001085
618,CCI-001086
619,CCI-001087
620,CCI-001088
621,CCI-001089
629,CCI-001657
629,CCI-001658
629,CCI-001659
640,CCI-001660
629,CCI-001097
629,CCI-001098
629,CCI-001099
629,CCI-001100
630,CCI-001101
631,CCI-001102
631,CCI-001103
631,CCI-001104
631,CCI-001105
631,CCI-001106
631,CCI-001107
631,CCI-001108
632,CCI-001109
644,CCI-001110
633,CCI-001111
634,CCI-001112
634,CCI-001113
634,CCI-001114
635,CCI-001115
636,CCI-001116
637,CCI-001117
638,CCI-001118
639,CCI-001119
639,CCI-001120
640,CCI-001121
640,CCI-001122
641,CCI-001123
642,CCI-001124
643,CCI-001125
644,CCI-001126
656,CCI-001661
656,CCI-001135
656,CCI-001136
671,CCI-001662
670,CCI-001162
670,CCI-001163
670,CCI-001164
670,CCI-001165
671,CCI-001166
672,CCI-001167
672,CCI-001168
673,CCI-001169
674,CCI-001170
674,CCI-001171
674,CCI-001172
670,CCI-001160
670,CCI-001161
672,CCI-001687
672,CCI-001688
673,CCI-001695
677,CCI-001663
677,CCI-001178
677,CCI-001179
683,CCI-001664
681,CCI-001184
682,CCI-001185
71,CCI-001186
683,CCI-001187
683,CCI-001188
683,CCI-001189
685,CCI-001665
685,CCI-001190
685,CCI-001191
685,CCI-001192
685,CCI-001193
690,CCI-001666
689,CCI-001199
690,CCI-001200
733,CCI-001667
730,CCI-001225
730,CCI-001226
730,CCI-001227
730,CCI-001228
730,CCI-001229
730,CCI-001230
731,CCI-001231
731,CCI-001232
732,CCI-001233
732,CCI-001234
733,CCI-001235
733,CCI-001236
730,CCI-001237
730,CCI-001238
736,CCI-001668
740,CCI-001669
736,CCI-001239
736,CCI-001240
736,CCI-001241
736,CCI-001242
736,CCI-001243
736,CCI-001244
736,CCI-001245
737,CCI-001246
738,CCI-001247
58,CCI-001248
739,CCI-001249
431,CCI-001250
740,CCI-001251
751,CCI-001670
754,CCI-001671
757,CCI-001672
757,CCI-001673
745,CCI-001252
745,CCI-001253
745,CCI-001254
745,CCI-001255
745,CCI-001256
745,CCI-001257
745,CCI-001258
746,CCI-001259
747,CCI-001260
748,CCI-001261
749,CCI-001262
750,CCI-001263
750,CCI-001264
58,CCI-001265
751,CCI-001266
751,CCI-001267
751,CCI-001268
745,CCI-001269
752,CCI-001270
752,CCI-001271
753,CCI-001272
754,CCI-001273
755,CCI-001274
755,CCI-001275
756,CCI-001276
756,CCI-001277
756,CCI-001278
756,CCI-001279
756,CCI-001280
757,CCI-001281
758,CCI-001282
759,CCI-001283
760,CCI-001284
770,CCI-001674
772,CCI-001675
770,CCI-001676
770,CCI-001291
770,CCI-001292
770,CCI-001293
770,CCI-001294
771,CCI-001295
772,CCI-001296
789,CCI-001677
789,CCI-001305
789,CCI-001306
790,CCI-001307
791,CCI-001308
800,CCI-001678
800,CCI-001315
801,CCI-001679
801,CCI-001316
801,CCI-001317
801,CCI-001318
802,CCI-001319
802,CCI-001320
788,CCI-001321
788,CCI-001322
803,CCI-001323
803,CCI-001324
803,CCI-001325
804,CCI-001326
804,CCI-001327
804,CCI-001328
804,CCI-001329
804,CCI-001689
811,CCI-001680
811,CCI-000023
811,CCI-000073
811,CCI-000074
811,CCI-000075
811,CCI-000076
811,CCI-000077
811,CCI-001543
17,CCI-000021
18,CCI-000022
20,CCI-000024
16,CCI-000213
19,CCI-000214
19,CCI-000215
17,CCI-001408
18,CCI-001409
18,CCI-001410
20,CCI-001411
420,CCI-001412
689,CCI-001412
420,CCI-001413
689,CCI-001413
19,CCI-001362
19,CCI-001363
420,CCI-001366
689,CCI-001366
420,CCI-001367
689,CCI-001367
19,CCI-001693
19,CCI-001694
47,CCI-000036
47,CCI-000037
47,CCI-001380
59,CCI-000043
59,CCI-000044
59,CCI-000045
59,CCI-000046
59,CCI-000047
59,CCI-001423
59,CCI-001452
60,CCI-001382
60,CCI-001383
61,CCI-000048
61,CCI-000049
61,CCI-000050
61,CCI-000051
61,CCI-001384
61,CCI-001385
61,CCI-001386
61,CCI-001387
61,CCI-001388
62,CCI-000052
63,CCI-000053
64,CCI-001389
64,CCI-001390
64,CCI-001391
64,CCI-001392
65,CCI-001393
65,CCI-001394
65,CCI-001395
67,CCI-000054
67,CCI-000055
68,CCI-000056
68,CCI-000057
68,CCI-000058
68,CCI-000059
69,CCI-000060
72,CCI-000061
72,CCI-000062
72,CCI-000232
192,CCI-000264
192,CCI-000265
192,CCI-000266
193,CCI-000267
193,CCI-000268
193,CCI-000269
194,CCI-000270
194,CCI-000271
194,CCI-000272
194,CCI-000273
96,CCI-000082
96,CCI-000083
96,CCI-000084
96,CCI-000085
96,CCI-000086
96,CCI-000087
96,CCI-000088
96,CCI-000089
431,CCI-000090
431,CCI-000091
431,CCI-000092
96,CCI-001456
96,CCI-001457
97,CCI-001458
97,CCI-001330
97,CCI-001331
97,CCI-001332
97,CCI-001333
97,CCI-001334
97,CCI-001335
99,CCI-000093
99,CCI-000094
100,CCI-000095
100,CCI-000096
101,CCI-000097
99,CCI-001465
99,CCI-001466
100,CCI-001467
100,CCI-001468
100,CCI-001469
104,CCI-000098
105,CCI-000099
104,CCI-001470
104,CCI-001471
104,CCI-001472
114,CCI-000106
115,CCI-000107
114,CCI-000112
114,CCI-001479
114,CCI-001480
122,CCI-000113
122,CCI-000114
122,CCI-001336
122,CCI-001337
825,CCI-000115
825,CCI-000116
126,CCI-000130
126,CCI-000131
126,CCI-000132
126,CCI-000133
126,CCI-000134
127,CCI-000135
128,CCI-000136
126,CCI-001487
127,CCI-001488
128,CCI-001489
129,CCI-000137
129,CCI-000138
136,CCI-000148
136,CCI-000149
136,CCI-000150
136,CCI-000151
137,CCI-000152
138,CCI-000153
139,CCI-000154
140,CCI-000155
142,CCI-001344
143,CCI-001345
143,CCI-001346
144,CCI-001347
141,CCI-001491
146,CCI-000156
146,CCI-000157
147,CCI-000158
149,CCI-000159
150,CCI-000160
150,CCI-000161
150,CCI-001492
159,CCI-000166
160,CCI-001338
161,CCI-001339
162,CCI-001340
163,CCI-001341
773,CCI-001342
164,CCI-000167
164,CCI-000168
344,CCI-000206
816,CCI-000209
816,CCI-000210
816,CCI-000211
817,CCI-000212
812,CCI-000078
813,CCI-000080
813,CCI-000081
813,CCI-000141
814,CCI-000142
814,CCI-000170
815,CCI-000207
819,CCI-000227
819,CCI-000228
820,CCI-000229
820,CCI-000230
820,CCI-000231
820,CCI-000233
820,CCI-000234
821,CCI-000235
821,CCI-000236
170,CCI-001460
170,CCI-001461
220,CCI-000338
220,CCI-000339
220,CCI-000340
220,CCI-000341
220,CCI-000342
220,CCI-000343
220,CCI-000344
220,CCI-000345
221,CCI-000346
221,CCI-000347
222,CCI-000348
222,CCI-000349
222,CCI-000350
223,CCI-000351
223,CCI-000352
224,CCI-000353
224,CCI-000354
225,CCI-000355
225,CCI-000356
225,CCI-000357
225,CCI-000358
225,CCI-000359
225,CCI-000360
225,CCI-000361
225,CCI-000362
226,CCI-001499
773,CCI-001500
773,CCI-001501
236,CCI-000389
236,CCI-000390
236,CCI-000391
236,CCI-000392
236,CCI-000393
236,CCI-000394
236,CCI-000395
236,CCI-000396
236,CCI-000397
236,CCI-000398
236,CCI-000399
236,CCI-000400
236,CCI-000401
236,CCI-000402
236,CCI-000403
236,CCI-000404
236,CCI-000405
236,CCI-000406
236,CCI-000407
237,CCI-000408
237,CCI-000409
237,CCI-000410
238,CCI-000411
238,CCI-000412
238,CCI-000413
238,CCI-000414
239,CCI-000415
239,CCI-000416
239,CCI-000417
240,CCI-000418
241,CCI-000419
242,CCI-000420
246,CCI-000421
246,CCI-000422
246,CCI-000423
246,CCI-000424
246,CCI-000425
246,CCI-000426
246,CCI-000427
246,CCI-000428
246,CCI-000429
246,CCI-000430
246,CCI-000431
246,CCI-000432
246,CCI-000433
246,CCI-000434
246,CCI-000435
247,CCI-000436
263,CCI-000485
263,CCI-000486
263,CCI-000487
264,CCI-000488
265,CCI-000489
266,CCI-000490
266,CCI-000491
266,CCI-000492
266,CCI-000493
266,CCI-000494
266,CCI-000495
266,CCI-000496
266,CCI-000497
267,CCI-000498
267,CCI-000499
268,CCI-000500
268,CCI-000501
269,CCI-000502
269,CCI-000503
270,CCI-000504
475,CCI-000968
476,CCI-000969
476,CCI-000970
472,CCI-000965
473,CCI-000966
474,CCI-000967
477,CCI-000971
477,CCI-000972
477,CCI-000973
477,CCI-000974
478,CCI-000975
479,CCI-000976
480,CCI-000977
480,CCI-000978
480,CCI-000979
481,CCI-000980
680,CCI-001182
680,CCI-001183
676,CCI-001173
676,CCI-001174
676,CCI-001175
676,CCI-001176
676,CCI-001177
294,CCI-000550
294,CCI-000551
294,CCI-000552
295,CCI-000553
296,CCI-000556
296,CCI-000557
805,CCI-000558
805,CCI-000559
297,CCI-000560
297,CCI-000561
297,CCI-000562
490,CCI-000570
490,CCI-000571
490,CCI-000572
490,CCI-000573
490,CCI-000574
494,CCI-000576
494,CCI-000577
494,CCI-000578
495,CCI-000580
495,CCI-000581
495,CCI-000582
495,CCI-000583
495,CCI-000584
495,CCI-000585
495,CCI-000586
495,CCI-000587
495,CCI-000588
495,CCI-000589
495,CCI-000590
495,CCI-000591
490,CCI-000597
490,CCI-000598
490,CCI-000599
490,CCI-000600
527,CCI-001646
527,CCI-000601
527,CCI-000602
527,CCI-000603
527,CCI-000604
527,CCI-000605
527,CCI-000606
527,CCI-000607
529,CCI-000615
529,CCI-000616
529,CCI-000617
529,CCI-000618
248,CCI-000655
773,CCI-000655
248,CCI-000656
773,CCI-000656
248,CCI-000657
773,CCI-000657
248,CCI-000658
773,CCI-000658
248,CCI-000659
773,CCI-000659
248,CCI-000660
773,CCI-000660
248,CCI-000661
773,CCI-000661
248,CCI-000662
773,CCI-000662
541,CCI-000664
541,CCI-000665
541,CCI-000666
541,CCI-000667
541,CCI-000668
542,CCI-000669
542,CCI-000670
542,CCI-000671
542,CCI-000672
542,CCI-000673
542,CCI-000674
542,CCI-000675
543,CCI-000676
543,CCI-000677
543,CCI-000678
543,CCI-000679
543,CCI-000680
543,CCI-000681
555,CCI-000702
555,CCI-000703
555,CCI-000704
555,CCI-000705
555,CCI-000706
555,CCI-000707
555,CCI-000708
555,CCI-000709
555,CCI-000710
555,CCI-000711
556,CCI-000712
556,CCI-000713
557,CCI-000714
557,CCI-000715
557,CCI-000716
557,CCI-000717
557,CCI-000718
557,CCI-000719
558,CCI-000720
558,CCI-000721
564,CCI-000722
564,CCI-000723
565,CCI-000724
566,CCI-000725
566,CCI-000726
566,CCI-000727
566,CCI-000728
565,CCI-000729
565,CCI-000730
565,CCI-000731
565,CCI-000732
565,CCI-000733
565,CCI-000734
574,CCI-000735
574,CCI-000736
574,CCI-000737
574,CCI-000738
567,CCI-000739
567,CCI-000740
567,CCI-000741
565,CCI-000742
565,CCI-000743
565,CCI-000744
568,CCI-000745
568,CCI-000746
568,CCI-000747
577,CCI-000748
577,CCI-000749
578,CCI-000750
578,CCI-000751
578,CCI-000752
608,CCI-000753
608,CCI-000754
608,CCI-000755
301,CCI-000756
301,CCI-000757
301,CCI-000758
301,CCI-000759
301,CCI-000760
301,CCI-000761
301,CCI-000762
301,CCI-000763
302,CCI-000764
303,CCI-000765
304,CCI-000766
305,CCI-000767
306,CCI-000768
307,CCI-000769
307,CCI-000770
308,CCI-000771
309,CCI-000772
310,CCI-000773
310,CCI-000774
311,CCI-000775
311,CCI-000776
316,CCI-000777
316,CCI-000778
317,CCI-000779
317,CCI-000780
317,CCI-000781
318,CCI-000782
318,CCI-000783
320,CCI-000784
320,CCI-000785
320,CCI-000786
320,CCI-000787
320,CCI-000788
320,CCI-000789
320,CCI-000790
320,CCI-000791
320,CCI-000792
320,CCI-000793
320,CCI-000794
320,CCI-000795
321,CCI-000796
322,CCI-000797
322,CCI-000798
323,CCI-000799
324,CCI-000800
324,CCI-000801
325,CCI-000802
345,CCI-000803
346,CCI-000804
357,CCI-000805
357,CCI-000806
357,CCI-000807
357,CCI-000808
357,CCI-000809
357,CCI-000810
357,CCI-000811
357,CCI-000812
377,CCI-000834
377,CCI-000835
377,CCI-000836
378,CCI-000837
379,CCI-000838
381,CCI-000839
382,CCI-000840
383,CCI-000841
383,CCI-000842
384,CCI-000843
384,CCI-000844
384,CCI-000845
384,CCI-000846
384,CCI-000847
384,CCI-000848
384,CCI-000849
384,CCI-000850
394,CCI-000865
394,CCI-000866
394,CCI-000867
394,CCI-000868
395,CCI-000869
396,CCI-000870
397,CCI-000871
398,CCI-000872
407,CCI-000890
407,CCI-000891
407,CCI-000892
408,CCI-000893
408,CCI-000894
408,CCI-000895
408,CCI-000896
409,CCI-000897
410,CCI-000898
411,CCI-000899
411,CCI-000900
413,CCI-000901
413,CCI-000902
413,CCI-000903
439,CCI-000904
439,CCI-000905
439,CCI-000906
439,CCI-000907
439,CCI-000908
439,CCI-000909
439,CCI-000910
439,CCI-000911
444,CCI-000919
444,CCI-000920
444,CCI-000921
444,CCI-000922
444,CCI-000923
444,CCI-000924
444,CCI-000925
444,CCI-000926
444,CCI-000927
445,CCI-000928
446,CCI-000929
447,CCI-000930
448,CCI-000931
448,CCI-000932
449,CCI-000933
450,CCI-000934
450,CCI-000935
451,CCI-000936
452,CCI-000937
456,CCI-000938
456,CCI-000939
456,CCI-000940
456,CCI-000941
457,CCI-000942
458,CCI-000943
440,CCI-000944
444,CCI-000944
440,CCI-000945
444,CCI-000945
440,CCI-000946
444,CCI-000946
461,CCI-000947
461,CCI-000948
461,CCI-000949
462,CCI-000950
440,CCI-000951
463,CCI-000952
464,CCI-000953
465,CCI-000954
465,CCI-000955
466,CCI-000956
466,CCI-000957
466,CCI-000958
466,CCI-000959
467,CCI-000960
468,CCI-000961
469,CCI-000962
470,CCI-000963
471,CCI-000964
482,CCI-000981
482,CCI-000982
482,CCI-000983
482,CCI-000984
483,CCI-000985
483,CCI-000986
483,CCI-000987
483,CCI-000988
484,CCI-000989
484,CCI-000990
484,CCI-000991
485,CCI-000992
486,CCI-000993
487,CCI-000994
417,CCI-000995
417,CCI-000996
417,CCI-000997
417,CCI-000998
417,CCI-000999
417,CCI-001000
417,CCI-001001
417,CCI-001002
418,CCI-001003
418,CCI-001004
418,CCI-001005
418,CCI-001006
421,CCI-001007
421,CCI-001008
690,CCI-001009
420,CCI-001014
420,CCI-001015
420,CCI-001016
420,CCI-001017
420,CCI-001018
690,CCI-001019
422,CCI-001020
422,CCI-001021
422,CCI-001022
422,CCI-001023
422,CCI-001024
422,CCI-001025
423,CCI-001026
424,CCI-001027
425,CCI-001028
426,CCI-001029
427,CCI-001030
427,CCI-001031
428,CCI-001032
428,CCI-001033
425,CCI-001034
425,CCI-001035
425,CCI-001036
514,CCI-001037
514,CCI-001038
514,CCI-001039
514,CCI-001040
514,CCI-001041
514,CCI-001042
514,CCI-001043
514,CCI-001044
515,CCI-001045
515,CCI-001046
515,CCI-001047
613,CCI-001074
613,CCI-001075
613,CCI-001076
613,CCI-001077
613,CCI-001078
613,CCI-001079
613,CCI-001080
613,CCI-001081
614,CCI-001082
615,CCI-001083
622,CCI-001090
622,CCI-001091
624,CCI-001092
624,CCI-001093
625,CCI-001094
626,CCI-001095
628,CCI-001096
650,CCI-001127
651,CCI-001128
652,CCI-001129
650,CCI-001130
650,CCI-001131
650,CCI-001132
655,CCI-001133
655,CCI-001134
658,CCI-001137
658,CCI-001138
659,CCI-001139
660,CCI-001140
661,CCI-001141
658,CCI-001142
658,CCI-001143
662,CCI-001144
662,CCI-001145
662,CCI-001146
662,CCI-001147
2,CCI-001149
16,CCI-001149
47,CCI-001149
48,CCI-001149
736,CCI-001149
745,CCI-001149
768,CCI-001149
773,CCI-001149
793,CCI-001149
663,CCI-001150
663,CCI-001151
663,CCI-001152
664,CCI-001153
629,CCI-001154
665,CCI-001155
665,CCI-001156
667,CCI-001157
668,CCI-001158
669,CCI-001159
679,CCI-001180
679,CCI-001181
686,CCI-001194
687,CCI-001195
708,CCI-001196
688,CCI-001197
688,CCI-001198
692,CCI-001201
694,CCI-001202
693,CCI-001203
693,CCI-001204
695,CCI-001205
699,CCI-001206
700,CCI-001207
703,CCI-001208
650,CCI-001209
704,CCI-001210
704,CCI-001211
704,CCI-001212
704,CCI-001213
705,CCI-001214
705,CCI-001215
706,CCI-001216
729,CCI-001217
729,CCI-001218
729,CCI-001219
729,CCI-001220
729,CCI-001221
729,CCI-001222
729,CCI-001223
729,CCI-001224
768,CCI-001285
768,CCI-001286
768,CCI-001287
768,CCI-001288
768,CCI-001289
769,CCI-001290
773,CCI-001297
774,CCI-001298
774,CCI-001299
775,CCI-001300
776,CCI-001301
564,CCI-001302
564,CCI-001303
564,CCI-001304
2,CCI-001309
16,CCI-001309
47,CCI-001309
48,CCI-001309
793,CCI-001310
799,CCI-001311
799,CCI-001312
799,CCI-001313
799,CCI-001314
175,CCI-001462
173,CCI-001463
174,CCI-001464
107,CCI-001473
107,CCI-001474
107,CCI-001475
107,CCI-001476
107,CCI-001477
107,CCI-001478
499,CCI-001504
499,CCI-001505
499,CCI-001506
499,CCI-001507
499,CCI-001508
499,CCI-001509
499,CCI-001510
499,CCI-001511
500,CCI-001512
500,CCI-001513
500,CCI-001514
500,CCI-001515
501,CCI-001516
501,CCI-001517
501,CCI-001518
501,CCI-001519
502,CCI-001520
503,CCI-001521
505,CCI-001522
505,CCI-001523
505,CCI-001524
505,CCI-001525
505,CCI-001526
508,CCI-001527
508,CCI-001528
508,CCI-001529
508,CCI-001530
509,CCI-001531
509,CCI-001532
509,CCI-001533
501,CCI-001534
501,CCI-001535
510,CCI-001536
510,CCI-001537
510,CCI-001538
512,CCI-001539
512,CCI-001540
512,CCI-001541
513,CCI-001542
1,CCI-002106
1,CCI-002107
1,CCI-002108
1,CCI-002109
2,CCI-002110
2,CCI-002111
2,CCI-002112
2,CCI-002113
2,CCI-002114
2,CCI-002115
2,CCI-002116
2,CCI-002117
2,CCI-002118
2,CCI-002119
2,CCI-002120
2,CCI-002121
2,CCI-002122
2,CCI-002123
2,CCI-002124
2,CCI-002125
2,CCI-002126
2,CCI-002127
2,CCI-002128
2,CCI-002129
6,CCI-002130
6,CCI-002131
6,CCI-002132
7,CCI-002133
8,CCI-002134
8,CCI-002135
9,CCI-002136
9,CCI-002137
10,CCI-002138
10,CCI-002139
11,CCI-002140
11,CCI-002141
12,CCI-002142
13,CCI-002143
13,CCI-002144
13,CCI-002145
14,CCI-002146
14,CCI-002147
14,CCI-002148
14,CCI-002149
15,CCI-002150
15,CCI-002151
17,CCI-002152
18,CCI-002153
18,CCI-002154
18,CCI-002155
18,CCI-002156
18,CCI-002157
18,CCI-002158
18,CCI-002159
18,CCI-002160
18,CCI-002161
18,CCI-002162
19,CCI-002163
19,CCI-002164
19,CCI-002165
21,CCI-002166
21,CCI-002167
21,CCI-002168
21,CCI-002169
21,CCI-002170
21,CCI-002171
21,CCI-002172
21,CCI-002173
21,CCI-002174
21,CCI-002175
21,CCI-002176
22,CCI-002177
22,CCI-002178
22,CCI-002179
23,CCI-002180
23,CCI-002181
23,CCI-002182
23,CCI-002183
23,CCI-002184
24,CCI-002185
24,CCI-002186
18,CCI-003014
18,CCI-003015
26,CCI-002187
26,CCI-002188
26,CCI-002189
26,CCI-002190
27,CCI-002191
28,CCI-002192
29,CCI-002193
31,CCI-002194
33,CCI-002195
34,CCI-002196
34,CCI-002197
34,CCI-002198
35,CCI-002199
37,CCI-002200
37,CCI-002201
38,CCI-002202
40,CCI-002203
40,CCI-002204
41,CCI-002205
41,CCI-002206
41,CCI-002207
41,CCI-002208
42,CCI-002209
42,CCI-002210
43,CCI-002211
44,CCI-002212
44,CCI-002213
44,CCI-002214
45,CCI-002215
45,CCI-002216
45,CCI-002217
46,CCI-002218
47,CCI-002219
47,CCI-002220
49,CCI-002221
49,CCI-002222
49,CCI-002223
51,CCI-002224
52,CCI-002225
53,CCI-002226
53,CCI-002227
55,CCI-002228
55,CCI-002229
55,CCI-002230
55,CCI-002231
56,CCI-002232
56,CCI-002233
57,CCI-002234
58,CCI-002235
59,CCI-002236
59,CCI-002237
59,CCI-002238
60,CCI-002239
60,CCI-002240
60,CCI-002241
60,CCI-002242
61,CCI-002243
61,CCI-002244
61,CCI-002245
61,CCI-002246
61,CCI-002247
61,CCI-002248
66,CCI-002249
66,CCI-002250
66,CCI-002251
67,CCI-002252
67,CCI-002253
72,CCI-002255
73,CCI-002256
73,CCI-002257
73,CCI-002258
73,CCI-002259
73,CCI-002260
73,CCI-002261
73,CCI-002262
73,CCI-002263
73,CCI-002264
73,CCI-002265
73,CCI-002266
73,CCI-002267
73,CCI-002268
73,CCI-002269
73,CCI-002270
73,CCI-002271
74,CCI-002272
74,CCI-002273
74,CCI-002274
74,CCI-002275
75,CCI-002276
75,CCI-002277
76,CCI-002278
76,CCI-002279
76,CCI-002280
76,CCI-002281
76,CCI-002282
76,CCI-002283
76,CCI-002284
77,CCI-002285
77,CCI-002286
77,CCI-002287
77,CCI-002288
77,CCI-002289
77,CCI-002290
79,CCI-002291
79,CCI-002292
79,CCI-002293
79,CCI-002294
79,CCI-002295
79,CCI-002296
79,CCI-002297
79,CCI-002298
80,CCI-002299
81,CCI-002300
81,CCI-002301
81,CCI-002302
82,CCI-002303
82,CCI-002304
83,CCI-002305
83,CCI-002306
83,CCI-002307
83,CCI-002308
83,CCI-002309
84,CCI-002310
84,CCI-002311
84,CCI-002312
85,CCI-002313
85,CCI-002314
87,CCI-002315
88,CCI-002316
88,CCI-002317
88,CCI-002318
88,CCI-002319
88,CCI-002320
90,CCI-002321
90,CCI-002322
91,CCI-002323
94,CCI-002324
96,CCI-002325
96,CCI-002326
97,CCI-002327
97,CCI-002328
98,CCI-002329
98,CCI-002330
98,CCI-002331
99,CCI-002332
100,CCI-002333
100,CCI-002334
100,CCI-002335
100,CCI-002336
100,CCI-002337
102,CCI-002338
103,CCI-002339
103,CCI-002340
106,CCI-002341
106,CCI-002342
108,CCI-002343
108,CCI-002344
108,CCI-002345
108,CCI-002346
108,CCI-002347
109,CCI-002348
109,CCI-002349
110,CCI-002350
110,CCI-002351
110,CCI-002352
110,CCI-002353
111,CCI-002354
111,CCI-002355
112,CCI-002356
112,CCI-002357
112,CCI-002358
112,CCI-002359
113,CCI-002048
113,CCI-002049
116,CCI-002055
118,CCI-002050
119,CCI-002051
120,CCI-002052
121,CCI-002053
121,CCI-002054
123,CCI-001831
123,CCI-001832
123,CCI-001833
123,CCI-001834
123,CCI-001835
123,CCI-001836
123,CCI-001837
123,CCI-001838
123,CCI-001839
123,CCI-001840
123,CCI-001841
123,CCI-001842
123,CCI-001930
123,CCI-001931
125,CCI-001843
128,CCI-001844
128,CCI-001845
128,CCI-001846
128,CCI-001847
129,CCI-001848
129,CCI-001849
130,CCI-001850
130,CCI-001851
132,CCI-001852
132,CCI-001853
132,CCI-001854
132,CCI-001855
133,CCI-001856
133,CCI-001857
133,CCI-001858
134,CCI-001859
135,CCI-001860
135,CCI-001861
135,CCI-002907
136,CCI-001862
136,CCI-001863
137,CCI-001864
137,CCI-001865
140,CCI-001866
140,CCI-001867
142,CCI-001868
142,CCI-001869
143,CCI-001870
144,CCI-001871
145,CCI-001872
145,CCI-001873
145,CCI-001874
146,CCI-001875
146,CCI-001876
146,CCI-001877
146,CCI-001878
146,CCI-001879
146,CCI-001880
146,CCI-001881
146,CCI-001882
147,CCI-001883
148,CCI-001884
148,CCI-001885
148,CCI-001886
148,CCI-001887
149,CCI-001888
149,CCI-001889
149,CCI-001890
150,CCI-001891
150,CCI-001892
151,CCI-001893
150,CCI-002046
156,CCI-001894
157,CCI-001895
157,CCI-001896
158,CCI-001897
158,CCI-001898
159,CCI-001899
160,CCI-001900
160,CCI-001901
160,CCI-001902
161,CCI-001903
161,CCI-001904
161,CCI-001905
161,CCI-001906
163,CCI-001907
163,CCI-001908
163,CCI-001909
165,CCI-002044
165,CCI-002045
166,CCI-001910
169,CCI-001911
169,CCI-001912
169,CCI-001913
169,CCI-001914
169,CCI-002047
170,CCI-001915
171,CCI-001916
172,CCI-001917
172,CCI-001918
173,CCI-001919
176,CCI-001920
177,CCI-001921
177,CCI-001922
178,CCI-001923
178,CCI-001924
178,CCI-001925
179,CCI-001926
180,CCI-001927
180,CCI-001928
180,CCI-001929
181,CCI-002060
181,CCI-002061
181,CCI-002062
183,CCI-002063
184,CCI-002064
184,CCI-002065
185,CCI-002066
185,CCI-002067
185,CCI-002068
185,CCI-002069
182,CCI-002070
182,CCI-002071
187,CCI-002072
187,CCI-002073
188,CCI-002074
189,CCI-002075
189,CCI-002076
189,CCI-002077
190,CCI-002078
190,CCI-002079
191,CCI-002080
191,CCI-002081
191,CCI-002082
186,CCI-002083
186,CCI-002084
196,CCI-002085
197,CCI-002086
195,CCI-002087
195,CCI-002088
195,CCI-002089
195,CCI-002090
195,CCI-002091
195,CCI-002092
198,CCI-002093
198,CCI-002094
198,CCI-002095
199,CCI-002096
200,CCI-002097
200,CCI-002098
200,CCI-002099
202,CCI-002100
201,CCI-002101
201,CCI-002102
201,CCI-002103
201,CCI-002104
201,CCI-002105
203,CCI-001820
203,CCI-001821
203,CCI-001822
203,CCI-001823
203,CCI-001824
203,CCI-001825
207,CCI-001736
209,CCI-001737
209,CCI-001738
209,CCI-001739
209,CCI-001815
209,CCI-001816
210,CCI-001740
210,CCI-001741
211,CCI-001742
215,CCI-001743
215,CCI-001744
216,CCI-001745
216,CCI-001746
210,CCI-001819
210,CCI-002056
211,CCI-002057
211,CCI-002058
218,CCI-001817
218,CCI-001818
223,CCI-001747
223,CCI-001748
223,CCI-001749
223,CCI-001750
224,CCI-001751
224,CCI-001752
225,CCI-001753
225,CCI-001754
221,CCI-001813
221,CCI-001814
222,CCI-001826
225,CCI-001827
225,CCI-001828
225,CCI-001829
225,CCI-001830
227,CCI-001755
227,CCI-001756
229,CCI-001757
229,CCI-001758
229,CCI-001759
228,CCI-002059
231,CCI-001760
231,CCI-001761
231,CCI-001762
232,CCI-001763
232,CCI-001764
234,CCI-001765
234,CCI-001766
234,CCI-001767
234,CCI-001768
234,CCI-001769
234,CCI-001770
234,CCI-001771
235,CCI-001772
235,CCI-001773
235,CCI-001774
235,CCI-001775
235,CCI-001776
235,CCI-001777
235,CCI-001778
236,CCI-001779
236,CCI-001780
236,CCI-001781
236,CCI-001782
239,CCI-001783
239,CCI-001784
243,CCI-001785
244,CCI-001786
245,CCI-001787
245,CCI-001788
245,CCI-001789
246,CCI-001790
246,CCI-001791
246,CCI-001792
246,CCI-001793
246,CCI-001794
246,CCI-001795
246,CCI-001796
246,CCI-001797
246,CCI-001798
246,CCI-001799
246,CCI-001800
246,CCI-001801
248,CCI-001726
248,CCI-001727
248,CCI-001728
248,CCI-001729
248,CCI-001730
248,CCI-001731
248,CCI-001732
248,CCI-001733
249,CCI-001734
249,CCI-001735
248,CCI-001802
248,CCI-001803
250,CCI-001804
250,CCI-001805
250,CCI-001806
250,CCI-001807
250,CCI-001808
250,CCI-001809
251,CCI-001810
251,CCI-001811
252,CCI-001812
253,CCI-002825
253,CCI-002826
261,CCI-002827
262,CCI-002828
262,CCI-002829
254,CCI-002830
254,CCI-002831
254,CCI-002832
263,CCI-002833
263,CCI-002834
268,CCI-002835
271,CCI-002836
280,CCI-002837
280,CCI-002838
275,CCI-002839
281,CCI-002840
281,CCI-002841
285,CCI-002842
285,CCI-002843
285,CCI-002844
285,CCI-002845
285,CCI-002846
286,CCI-002847
286,CCI-002848
290,CCI-002849
290,CCI-002850
293,CCI-002851
293,CCI-002852
298,CCI-002853
298,CCI-002854
299,CCI-002855
299,CCI-002856
299,CCI-002857
300,CCI-002858
300,CCI-002859
300,CCI-002860
301,CCI-001932
301,CCI-001933
301,CCI-001934
308,CCI-001935
308,CCI-001936
308,CCI-001937
309,CCI-001938
309,CCI-001939
309,CCI-001940
310,CCI-001941
311,CCI-001942
312,CCI-001943
312,CCI-001944
312,CCI-001945
312,CCI-001946
313,CCI-001947
313,CCI-001948
313,CCI-001949
313,CCI-001950
313,CCI-001951
313,CCI-001952
314,CCI-001953
314,CCI-001954
315,CCI-001955
315,CCI-001956
315,CCI-001957
316,CCI-001958
317,CCI-001959
318,CCI-001960
318,CCI-001961
318,CCI-001962
318,CCI-001963
319,CCI-001964
319,CCI-001965
319,CCI-001966
317,CCI-001967
319,CCI-001968
319,CCI-001969
320,CCI-001970
320,CCI-001971
320,CCI-001972
320,CCI-001973
320,CCI-001974
320,CCI-001975
325,CCI-001976
326,CCI-001977
326,CCI-001978
327,CCI-001979
322,CCI-002040
328,CCI-001980
328,CCI-001981
328,CCI-001982
328,CCI-001983
328,CCI-001984
328,CCI-001985
328,CCI-001986
328,CCI-001987
328,CCI-001988
328,CCI-001989
328,CCI-001990
330,CCI-001991
331,CCI-001992
331,CCI-001993
331,CCI-001994
331,CCI-001995
332,CCI-001996
332,CCI-001997
333,CCI-001998
337,CCI-001999
337,CCI-002000
338,CCI-002001
339,CCI-002002
339,CCI-002003
340,CCI-002004
340,CCI-002005
341,CCI-002006
341,CCI-002007
342,CCI-002008
329,CCI-002041
328,CCI-002042
343,CCI-002043
328,CCI-002365
328,CCI-002366
335,CCI-002367
347,CCI-002009
347,CCI-002010
348,CCI-002011
349,CCI-002012
349,CCI-002013
350,CCI-002014
351,CCI-002015
351,CCI-002016
352,CCI-002017
352,CCI-002018
352,CCI-002019
352,CCI-002020
352,CCI-002021
352,CCI-002022
353,CCI-002023
353,CCI-002024
353,CCI-002025
353,CCI-002026
353,CCI-002027
353,CCI-002028
354,CCI-002029
354,CCI-002030
354,CCI-002031
354,CCI-002032
355,CCI-002033
355,CCI-002034
355,CCI-002035
356,CCI-002036
356,CCI-002037
356,CCI-002038
356,CCI-002039
357,CCI-002776
357,CCI-002777
358,CCI-002778
358,CCI-002779
363,CCI-002780
366,CCI-002781
370,CCI-002782
371,CCI-002783
371,CCI-002784
372,CCI-002785
372,CCI-002786
372,CCI-002787
373,CCI-002788
373,CCI-002789
374,CCI-002790
377,CCI-002791
379,CCI-002792
380,CCI-002793
384,CCI-002794
384,CCI-002795
384,CCI-002796
384,CCI-002797
384,CCI-002798
384,CCI-002799
384,CCI-002800
384,CCI-002801
384,CCI-002802
384,CCI-002803
384,CCI-002804
385,CCI-002805
385,CCI-002806
385,CCI-002807
385,CCI-002808
385,CCI-002809
385,CCI-002810
385,CCI-002811
385,CCI-002812
386,CCI-002813
386,CCI-002814
386,CCI-002815
387,CCI-002816
387,CCI-002817
388,CCI-002818
388,CCI-002819
389,CCI-002820
389,CCI-002821
390,CCI-002822
391,CCI-002861
391,CCI-002862
393,CCI-002863
393,CCI-002864
393,CCI-002865
392,CCI-002866
392,CCI-002867
392,CCI-002868
392,CCI-002869
392,CCI-002870
392,CCI-002871
392,CCI-002872
392,CCI-002873
392,CCI-002874
392,CCI-002875
392,CCI-002876
393,CCI-002905
397,CCI-002877
397,CCI-002878
397,CCI-002879
397,CCI-002880
397,CCI-002881
397,CCI-002882
398,CCI-002883
400,CCI-002884
400,CCI-002885
400,CCI-002886
403,CCI-002887
404,CCI-002888
404,CCI-002889
405,CCI-002890
406,CCI-002891
405,CCI-003123
408,CCI-002892
412,CCI-002893
407,CCI-002894
407,CCI-002895
413,CCI-002896
413,CCI-002897
414,CCI-002898
414,CCI-002899
414,CCI-002900
415,CCI-002901
415,CCI-002902
415,CCI-002903
416,CCI-002904
417,CCI-002566
426,CCI-002567
426,CCI-002568
426,CCI-002569
426,CCI-002570
426,CCI-002571
426,CCI-002572
429,CCI-002573
429,CCI-002574
430,CCI-002575
430,CCI-002576
430,CCI-002577
425,CCI-002578
425,CCI-002579
425,CCI-002580
431,CCI-002581
431,CCI-002582
431,CCI-002583
431,CCI-002584
432,CCI-002585
433,CCI-002586
435,CCI-002587
436,CCI-002588
436,CCI-002589
436,CCI-002590
436,CCI-002591
437,CCI-002592
437,CCI-002593
438,CCI-002594
434,CCI-002595
434,CCI-002596
434,CCI-002597
434,CCI-002598
434,CCI-002599
434,CCI-002600
439,CCI-002908
439,CCI-002909
440,CCI-002910
440,CCI-002911
442,CCI-002912
443,CCI-002913
443,CCI-002914
444,CCI-002915
444,CCI-002916
444,CCI-002917
444,CCI-002918
444,CCI-002919
444,CCI-002920
444,CCI-002921
444,CCI-002922
444,CCI-002923
444,CCI-002924
444,CCI-002925
445,CCI-002926
446,CCI-002927
449,CCI-002928
449,CCI-002929
451,CCI-002930
451,CCI-002931
453,CCI-002932
453,CCI-002933
453,CCI-002934
454,CCI-002935
454,CCI-002936
455,CCI-002937
455,CCI-002938
456,CCI-002939
456,CCI-002940
456,CCI-002941
458,CCI-002942
458,CCI-002943
458,CCI-002944
458,CCI-002945
459,CCI-002946
459,CCI-002947
459,CCI-002948
459,CCI-002949
460,CCI-002950
460,CCI-002951
461,CCI-002952
464,CCI-002953
464,CCI-002954
467,CCI-002955
469,CCI-002956
469,CCI-002957
469,CCI-002958
471,CCI-002959
471,CCI-002960
473,CCI-002961
473,CCI-002962
473,CCI-002963
473,CCI-002964
474,CCI-002965
474,CCI-002966
474,CCI-002967
476,CCI-002968
476,CCI-002969
476,CCI-002970
476,CCI-002971
481,CCI-002972
481,CCI-002973
482,CCI-002974
483,CCI-002975
484,CCI-002976
485,CCI-002977
485,CCI-002978
489,CCI-003047
489,CCI-003048
490,CCI-003049
490,CCI-003050
490,CCI-003051
490,CCI-003052
490,CCI-003053
490,CCI-003054
490,CCI-003055
490,CCI-003056
490,CCI-003057
490,CCI-003058
490,CCI-003059
490,CCI-003060
490,CCI-003061
490,CCI-003062
490,CCI-003063
490,CCI-003064
491,CCI-003065
491,CCI-003066
491,CCI-003067
492,CCI-003068
492,CCI-003069
492,CCI-003070
494,CCI-003071
495,CCI-003072
495,CCI-003073
495,CCI-003074
495,CCI-003075
495,CCI-003076
495,CCI-003077
495,CCI-003078
495,CCI-003079
495,CCI-003080
496,CCI-003081
496,CCI-003082
496,CCI-003083
496,CCI-003084
496,CCI-003085
496,CCI-003086
496,CCI-003087
497,CCI-003088
499,CCI-003017
499,CCI-003018
504,CCI-003019
504,CCI-003020
504,CCI-003021
505,CCI-003016
505,CCI-003022
505,CCI-003023
505,CCI-003024
505,CCI-003025
505,CCI-003026
506,CCI-003027
506,CCI-003028
507,CCI-003029
507,CCI-003030
508,CCI-003031
508,CCI-003032
508,CCI-003033
508,CCI-003034
509,CCI-003035
509,CCI-003036
509,CCI-003037
511,CCI-003038
511,CCI-003039
512,CCI-003040
512,CCI-003041
512,CCI-003042
512,CCI-003043
513,CCI-003044
513,CCI-003045
513,CCI-003046
514,CCI-002368
514,CCI-002369
516,CCI-002370
516,CCI-002371
525,CCI-002372
520,CCI-002373
521,CCI-002374
521,CCI-002375
517,CCI-002376
522,CCI-002906
526,CCI-003119
526,CCI-003120
526,CCI-003121
526,CCI-003122
527,CCI-003089
527,CCI-003090
528,CCI-003091
529,CCI-003092
529,CCI-003093
530,CCI-003094
530,CCI-003095
530,CCI-003096
530,CCI-003097
530,CCI-003098
530,CCI-003099
530,CCI-003100
532,CCI-003101
532,CCI-003102
532,CCI-003103
532,CCI-003104
532,CCI-003105
532,CCI-003106
533,CCI-003107
533,CCI-003108
534,CCI-003109
534,CCI-003110
534,CCI-003111
537,CCI-003112
537,CCI-003113
538,CCI-003114
538,CCI-003115
539,CCI-003116
540,CCI-003124
540,CCI-003125
540,CCI-003126
540,CCI-003127
540,CCI-003128
540,CCI-003129
540,CCI-003130
540,CCI-003131
540,CCI-003132
540,CCI-003133
540,CCI-003134
540,CCI-003135
540,CCI-003136
542,CCI-003137
542,CCI-003138
542,CCI-003139
543,CCI-003140
543,CCI-003141
543,CCI-003142
544,CCI-003143
544,CCI-003144
545,CCI-003145
545,CCI-003146
545,CCI-003147
545,CCI-003148
546,CCI-003149
546,CCI-003150
546,CCI-003151
547,CCI-003152
547,CCI-003153
547,CCI-003154
548,CCI-003155
548,CCI-003156
548,CCI-003157
548,CCI-003158
548,CCI-003159
548,CCI-003160
548,CCI-003161
548,CCI-003162
548,CCI-003163
548,CCI-003164
551,CCI-003165
552,CCI-003166
552,CCI-003167
552,CCI-003168
553,CCI-003169
554,CCI-003170
555,CCI-003171
555,CCI-003172
555,CCI-003173
555,CCI-003174
555,CCI-003175
555,CCI-003176
555,CCI-003177
555,CCI-003178
556,CCI-003179
556,CCI-003180
557,CCI-003181
557,CCI-003182
558,CCI-003183
558,CCI-003184
558,CCI-003185
558,CCI-003186
559,CCI-003187
559,CCI-003188
559,CCI-003189
560,CCI-003190
560,CCI-003191
560,CCI-003192
561,CCI-003193
562,CCI-003194
562,CCI-003195
563,CCI-003196
563,CCI-003197
565,CCI-003198
565,CCI-003199
566,CCI-003200
567,CCI-003201
567,CCI-003202
568,CCI-003203
568,CCI-003204
569,CCI-003205
570,CCI-003206
565,CCI-003207
565,CCI-003208
565,CCI-003209
570,CCI-003210
570,CCI-003211
571,CCI-003212
571,CCI-003213
572,CCI-003214
572,CCI-003215
573,CCI-003216
573,CCI-003217
574,CCI-003218
574,CCI-003219
574,CCI-003220
575,CCI-003221
575,CCI-003222
575,CCI-003223
576,CCI-003224
577,CCI-003225
577,CCI-003226
577,CCI-003227
577,CCI-003228
578,CCI-003229
578,CCI-003230
578,CCI-003231
578,CCI-003232
579,CCI-003233
579,CCI-003234
579,CCI-003235
579,CCI-003236
579,CCI-003237
579,CCI-003238
579,CCI-003239
579,CCI-003240
579,CCI-003241
579,CCI-003242
579,CCI-003243
579,CCI-003244
579,CCI-003245
579,CCI-003246
580,CCI-003247
580,CCI-003248
580,CCI-003249
580,CCI-003250
581,CCI-003251
581,CCI-003252
582,CCI-003253
582,CCI-003254
582,CCI-003255
583,CCI-003256
583,CCI-003257
583,CCI-003258
583,CCI-003259
583,CCI-003260
583,CCI-003261
583,CCI-003262
583,CCI-003263
583,CCI-003264
583,CCI-003265
583,CCI-003266
583,CCI-003267
583,CCI-003268
583,CCI-003269
583,CCI-003270
583,CCI-003271
584,CCI-003272
584,CCI-003273
585,CCI-003274
586,CCI-003275
586,CCI-003276
586,CCI-003277
586,CCI-003278
586,CCI-003279
586,CCI-003280
587,CCI-003281
587,CCI-003282
588,CCI-003283
588,CCI-003284
588,CCI-003285
588,CCI-003286
588,CCI-003287
588,CCI-003288
589,CCI-003289
590,CCI-003290
591,CCI-003291
591,CCI-003292
592,CCI-003293
592,CCI-003294
592,CCI-003295
592,CCI-003296
592,CCI-003297
593,CCI-003298
593,CCI-003299
593,CCI-003300
594,CCI-003301
594,CCI-003302
594,CCI-003303
594,CCI-003304
594,CCI-003305
594,CCI-003306
594,CCI-003307
595,CCI-003308
595,CCI-003309
595,CCI-003310
595,CCI-003311
595,CCI-003312
595,CCI-003313
595,CCI-003314
595,CCI-003315
595,CCI-003316
595,CCI-003317
595,CCI-003318
595,CCI-003319
595,CCI-003320
596,CCI-003321
596,CCI-003322
596,CCI-003323
596,CCI-003324
596,CCI-003325
596,CCI-003326
596,CCI-003327
596,CCI-003328
596,CCI-003329
596,CCI-003330
596,CCI-003331
596,CCI-003332
596,CCI-003333
597,CCI-003334
597,CCI-003335
597,CCI-003336
597,CCI-003337
597,CCI-003338
597,CCI-003339
598,CCI-003340
598,CCI-003341
598,CCI-003342
599,CCI-003343
599,CCI-003344
599,CCI-003345
600,CCI-003346
601,CCI-003347
601,CCI-003348
601,CCI-003349
601,CCI-003350
601,CCI-003351
602,CCI-003352
602,CCI-003353
602,CCI-003354
602,CCI-003355
603,CCI-003356
603,CCI-003357
603,CCI-003358
603,CCI-003359
603,CCI-003360
603,CCI-003361
603,CCI-003362
603,CCI-003363
603,CCI-003364
603,CCI-003365
603,CCI-003366
604,CCI-003367
604,CCI-003368
605,CCI-003369
605,CCI-003370
605,CCI-003371
607,CCI-003388
607,CCI-003389
606,CCI-003390
606,CCI-003391
608,CCI-003386
608,CCI-003387
610,CCI-003377
610,CCI-003378
610,CCI-003379
610,CCI-003380
609,CCI-003381
609,CCI-003382
609,CCI-003383
609,CCI-003384
609,CCI-003385
613,CCI-002377
613,CCI-002378
613,CCI-002379
613,CCI-002380
619,CCI-002381
620,CCI-002382
623,CCI-002383
623,CCI-002384
624,CCI-002385
624,CCI-002386
625,CCI-002387
627,CCI-002388
627,CCI-002389
627,CCI-002390
627,CCI-002391
628,CCI-002392
628,CCI-002393
628,CCI-002394
629,CCI-002395
631,CCI-002396
633,CCI-002397
635,CCI-002398
635,CCI-002399
635,CCI-002400
637,CCI-002401
637,CCI-002402
637,CCI-002403
638,CCI-002404
638,CCI-002405
638,CCI-002406
640,CCI-002407
645,CCI-002408
645,CCI-002409
646,CCI-002410
646,CCI-002411
647,CCI-002412
647,CCI-002413
647,CCI-002414
647,CCI-002415
648,CCI-002416
649,CCI-002417
650,CCI-002418
651,CCI-002419
652,CCI-002420
651,CCI-002421
652,CCI-002422
653,CCI-002423
654,CCI-002424
654,CCI-002425
653,CCI-002427
657,CCI-002426
658,CCI-002428
658,CCI-002429
658,CCI-002430
658,CCI-002431
658,CCI-002432
658,CCI-002433
658,CCI-002434
658,CCI-002435
658,CCI-002436
658,CCI-002437
658,CCI-002438
658,CCI-002439
658,CCI-002440
658,CCI-002441
658,CCI-002442
660,CCI-002443
660,CCI-002444
660,CCI-002445
661,CCI-002446
661,CCI-002447
661,CCI-002448
662,CCI-002449
662,CCI-002450
665,CCI-002451
666,CCI-002452
666,CCI-002453
667,CCI-002454
667,CCI-002455
669,CCI-002456
671,CCI-002457
671,CCI-002458
673,CCI-002459
674,CCI-002460
675,CCI-002461
677,CCI-002462
678,CCI-002463
678,CCI-002464
679,CCI-002465
679,CCI-002466
679,CCI-002467
679,CCI-002468
684,CCI-002469
684,CCI-002470
686,CCI-002471
689,CCI-002472
690,CCI-002473
690,CCI-002474
690,CCI-002475
690,CCI-002476
691,CCI-002477
691,CCI-002478
691,CCI-002479
692,CCI-002480
693,CCI-002481
694,CCI-002482
694,CCI-002483
694,CCI-002484
694,CCI-002485
695,CCI-002486
695,CCI-002487
695,CCI-002488
696,CCI-002489
696,CCI-002490
696,CCI-002491
696,CCI-002492
697,CCI-002493
697,CCI-002494
698,CCI-002495
698,CCI-002496
698,CCI-002497
699,CCI-002498
699,CCI-002499
701,CCI-002500
701,CCI-002501
702,CCI-002502
702,CCI-002503
703,CCI-002504
703,CCI-002505
703,CCI-002506
706,CCI-002507
707,CCI-002508
707,CCI-002509
707,CCI-002510
707,CCI-002511
707,CCI-002512
709,CCI-002513
709,CCI-002514
709,CCI-002515
709,CCI-002516
710,CCI-002517
710,CCI-002518
710,CCI-002519
710,CCI-002520
711,CCI-002521
711,CCI-002522
711,CCI-002523
711,CCI-002524
712,CCI-002525
712,CCI-002526
712,CCI-002527
712,CCI-003599
713,CCI-002528
713,CCI-002529
714,CCI-002530
715,CCI-002531
716,CCI-002532
716,CCI-002533
717,CCI-002534
717,CCI-002535
717,CCI-002536
718,CCI-002537
718,CCI-002538
719,CCI-002539
719,CCI-002540
720,CCI-002541
721,CCI-002542
721,CCI-002543
722,CCI-002544
722,CCI-002545
722,CCI-002546
723,CCI-002547
723,CCI-002548
723,CCI-002549
723,CCI-002550
724,CCI-002551
724,CCI-002552
725,CCI-002553
725,CCI-002554
725,CCI-002555
726,CCI-002556
726,CCI-002557
726,CCI-002558
727,CCI-002559
727,CCI-002560
727,CCI-002561
727,CCI-002562
727,CCI-002563
728,CCI-002564
728,CCI-002565
729,CCI-002601
730,CCI-002602
730,CCI-002603
730,CCI-002604
730,CCI-002605
730,CCI-002606
730,CCI-002607
733,CCI-002608
734,CCI-002609
734,CCI-002610
734,CCI-002611
734,CCI-002612
734,CCI-002613
734,CCI-002614
735,CCI-002615
735,CCI-002616
735,CCI-002617
735,CCI-002618
736,CCI-002619
736,CCI-002620
736,CCI-002621
736,CCI-002622
736,CCI-002623
736,CCI-002624
740,CCI-002625
740,CCI-002626
741,CCI-002627
742,CCI-002628
742,CCI-002629
742,CCI-002630
742,CCI-002631
743,CCI-002632
743,CCI-002633
744,CCI-002634
744,CCI-002635
744,CCI-002636
743,CCI-002637
744,CCI-002638
744,CCI-002639
744,CCI-002640
745,CCI-002641
745,CCI-002642
745,CCI-002643
745,CCI-002644
745,CCI-002645
745,CCI-002646
745,CCI-002647
745,CCI-002648
745,CCI-002649
745,CCI-002650
745,CCI-002651
745,CCI-002652
745,CCI-002653
745,CCI-002654
746,CCI-002655
746,CCI-002656
748,CCI-002657
748,CCI-002658
749,CCI-002659
749,CCI-002660
749,CCI-002661
749,CCI-002662
750,CCI-002663
750,CCI-002664
753,CCI-002665
753,CCI-002666
753,CCI-002667
754,CCI-002668
756,CCI-002669
761,CCI-002670
761,CCI-002671
761,CCI-002672
762,CCI-002673
762,CCI-002674
762,CCI-002675
763,CCI-002676
763,CCI-002677
764,CCI-002678
764,CCI-002679
764,CCI-002680
765,CCI-002681
765,CCI-002682
765,CCI-002683
765,CCI-002684
766,CCI-002685
766,CCI-002686
766,CCI-002687
767,CCI-002688
767,CCI-002689
767,CCI-002690
767,CCI-002691
768,CCI-002692
768,CCI-002693
768,CCI-002694
770,CCI-002695
770,CCI-002696
770,CCI-002697
770,CCI-002698
770,CCI-002699
770,CCI-002700
770,CCI-002701
770,CCI-002702
773,CCI-002703
773,CCI-002704
774,CCI-002705
774,CCI-002706
774,CCI-002707
774,CCI-002708
774,CCI-002709
774,CCI-002710
774,CCI-002711
774,CCI-002712
775,CCI-002713
777,CCI-002714
777,CCI-002715
778,CCI-002716
778,CCI-002717
778,CCI-002718
779,CCI-002719
779,CCI-002720
780,CCI-002721
780,CCI-002722
780,CCI-002723
780,CCI-002724
781,CCI-002725
781,CCI-002726
782,CCI-002727
782,CCI-002728
782,CCI-002729
783,CCI-002730
783,CCI-002731
784,CCI-002732
784,CCI-002733
785,CCI-002734
785,CCI-002735
785,CCI-002736
786,CCI-002737
786,CCI-002738
787,CCI-002739
787,CCI-002740
789,CCI-002741
789,CCI-002742
792,CCI-002743
793,CCI-002744
794,CCI-002745
794,CCI-002746
794,CCI-002747
794,CCI-002748
794,CCI-002749
795,CCI-002750
795,CCI-002751
795,CCI-002752
795,CCI-002753
796,CCI-002754
797,CCI-002755
798,CCI-002756
798,CCI-002757
798,CCI-002758
799,CCI-002759
801,CCI-002760
801,CCI-002761
801,CCI-002762
801,CCI-002763
806,CCI-002764
806,CCI-002765
806,CCI-002766
806,CCI-002767
807,CCI-002768
807,CCI-002769
808,CCI-002770
808,CCI-002771
808,CCI-002772
811,CCI-002984
811,CCI-002985
811,CCI-002986
811,CCI-002987
811,CCI-002988
811,CCI-002989
811,CCI-002990
814,CCI-002991
814,CCI-002992
814,CCI-002993
819,CCI-002994
819,CCI-002995
822,CCI-002996
823,CCI-002997
824,CCI-002998
824,CCI-002999
824,CCI-003000
824,CCI-003001
824,CCI-003002
824,CCI-003003
824,CCI-003004
824,CCI-003005
824,CCI-003006
824,CCI-003007
824,CCI-003008
824,CCI-003009
825,CCI-003010
825,CCI-003011
825,CCI-003012
826,CCI-003013
827,CCI-003392
827,CCI-003393
827,CCI-003394
827,CCI-003395
828,CCI-003396
828,CCI-003398
828,CCI-003399
828,CCI-003400
829,CCI-003397
829,CCI-003401
829,CCI-003402
829,CCI-003403
829,CCI-003404
829,CCI-003405
829,CCI-003406
829,CCI-003407
829,CCI-003408
829,CCI-003409
829,CCI-003410
829,CCI-003411
829,CCI-003412
829,CCI-003413
829,CCI-003414
829,CCI-003415
829,CCI-003416
830,CCI-003417
830,CCI-003418
830,CCI-003419
830,CCI-003420
830,CCI-003421
830,CCI-003422
830,CCI-003423
830,CCI-003424
830,CCI-003425
831,CCI-003426
831,CCI-003427
831,CCI-003428
831,CCI-003429
831,CCI-003430
831,CCI-003431
831,CCI-003432
831,CCI-003433
832,CCI-003434
832,CCI-003435
832,CCI-003436
832,CCI-003437
832,CCI-003438
832,CCI-003439
833,CCI-003440
833,CCI-003441
833,CCI-003442
833,CCI-003443
833,CCI-003444
833,CCI-003445
833,CCI-003446
833,CCI-003447
833,CCI-003448
834,CCI-003449
834,CCI-003450
834,CCI-003451
834,CCI-003452
834,CCI-003453
834,CCI-003454
835,CCI-003455
836,CCI-003456
836,CCI-003457
836,CCI-003458
836,CCI-003459
836,CCI-003460
836,CCI-003461
836,CCI-003462
837,CCI-003463
837,CCI-003464
837,CCI-003465
837,CCI-003466
837,CCI-003467
837,CCI-003468
837,CCI-003469
837,CCI-003470
837,CCI-003471
837,CCI-003472
837,CCI-003473
837,CCI-003474
837,CCI-003475
837,CCI-003476
837,CCI-003477
838,CCI-003478
839,CCI-003479
839,CCI-003480
840,CCI-003481
840,CCI-003482
840,CCI-003483
840,CCI-003484
841,CCI-003485
842,CCI-003486
842,CCI-003487
842,CCI-003488
842,CCI-003489
842,CCI-003490
842,CCI-003491
842,CCI-003492
842,CCI-003493
842,CCI-003494
843,CCI-003495
843,CCI-003496
844,CCI-003497
844,CCI-003498
844,CCI-003499
844,CCI-003500
844,CCI-003501
844,CCI-003502
845,CCI-003503
845,CCI-003504
845,CCI-003505
845,CCI-003506
846,CCI-003507
846,CCI-003508
846,CCI-003509
846,CCI-003510
846,CCI-003511
846,CCI-003512
846,CCI-003513
846,CCI-003514
846,CCI-003515
847,CCI-003516
847,CCI-003517
847,CCI-003518
848,CCI-003519
848,CCI-003520
848,CCI-003521
848,CCI-003522
848,CCI-003523
848,CCI-003524
848,CCI-003525
848,CCI-003526
848,CCI-003527
848,CCI-003528
848,CCI-003529
849,CCI-003530
850,CCI-003531
850,CCI-003532
850,CCI-003533
850,CCI-003534
850,CCI-003535
850,CCI-003536
851,CCI-003537
851,CCI-003538
851,CCI-003539
852,CCI-003540
852,CCI-003541
853,CCI-003542
853,CCI-003543
854,CCI-003544
854,CCI-003545
854,CCI-003546
854,CCI-003547
854,CCI-003548
854,CCI-003549
854,CCI-003550
854,CCI-003551
854,CCI-003552
855,CCI-003553
855,CCI-003554
855,CCI-003555
856,CCI-003556
856,CCI-003557
856,CCI-003558
856,CCI-003559
856,CCI-003560
856,CCI-003561
856,CCI-003562
856,CCI-003563
856,CCI-003564
856,CCI-003565
856,CCI-003566
856,CCI-003567
856,CCI-003568
856,CCI-003569
856,CCI-003570
856,CCI-003571
856,CCI-003572
856,CCI-003573
856,CCI-003574
856,CCI-003575
856,CCI-003576
856,CCI-003577
856,CCI-003578
856,CCI-003579
857,CCI-003580
858,CCI-003581
858,CCI-003582
858,CCI-003583
859,CCI-003584
860,CCI-003585
860,CCI-003586
860,CCI-003587
861,CCI-003588
862,CCI-003589
862,CCI-003590
862,CCI-003591
862,CCI-003592
862,CCI-003593
862,CCI-003594
862,CCI-003595
862,CCI-003596
862,CCI-003597
70,CCI-002254
70,CCI-002360
70,CCI-002361
71,CCI-002362
71,CCI-002363
71,CCI-002364
488,CCI-002979
488,CCI-002980
488,CCI-002981
488,CCI-002982
488,CCI-002983
612,CCI-003372
612,CCI-003373
611,CCI-003374
611,CCI-003375
611,CCI-003376
810,CCI-002773
810,CCI-002774
810,CCI-002775
809,CCI-002823
809,CCI-002824
498,CCI-003117
498,CCI-003118
